Feature,Mean |SHAP|
Solar Power Output,0.07986020296812057
temp,0.0001249988126801327
winddir,0.00012417338439263403
cloudcover,0.00012038207205478102
timeofday,0.00011966966849286109
windspeed,0.00011896384239662439
humidity,0.00011878869554493576
dew,0.00011279596947133541
pressure,0.00010364322224631906
dayofyear,9.720721573103219e-05
