Feature,Mean_SHAP,Std_SHAP,Min_SHAP,Max_SHAP,Mean_Abs_SHAP,Correlation
Solar Power Output,-0.003194408118724823,0.07979628923001643,-0.07986020296812057,0.07986020296812057,0.07986020296812057,0.950247614657406
temp,1.249988126801327e-05,0.00012437224826997566,-0.0001249988126801327,0.0001249988126801327,0.0001249988126801327,0.9024802731828551
winddir,-3.2285079942084846e-05,0.00011990288989283782,-0.00012417338439263403,0.00012417338439263403,0.00012417338439263403,0.9085773292413123
cloudcover,4.81528288219124e-06,0.00012028572784402559,-0.00012038207205478102,0.00012038207205478102,0.00012038207205478102,0.9220551476372759
windspeed,-4.282698326278478e-05,0.00011098759075850799,-0.00011896384239662439,0.00011896384239662439,0.00011896384239662439,0.8507884124815838
humidity,-7.127321732696146e-06,0.00011857468310809889,-0.00011878869554493576,0.00011878869554493576,0.00011878869554493576,0.8864101593662966
timeofday,-8.376876794500276e-06,0.00011877478350554512,-0.00011966966849286109,0.00011966966849286109,0.00011847297180793248,0.7601150018438428
dew,4.0606549009680745e-05,0.00010523325950716734,-0.00011279596947133541,0.00011279596947133541,0.00011279596947133541,0.7875128786846097
pressure,4.145728889852762e-06,0.0001035602744761317,-0.00010364322224631906,0.00010364322224631906,0.00010364322224631906,0.8561714133200372
dayofyear,0.0,9.720721573103219e-05,-9.720721573103219e-05,9.720721573103219e-05,9.720721573103219e-05,0.8660687083024935
